gloss,total_in_dataset,in_test,in_prototype,leftover_for_train_val
monday,13,12,1,1
thursday,11,10,1,1
interest,10,9,1,1
friday,9,8,1,1
pencil,9,8,1,1
yellow,8,7,1,1
christmas,8,7,1,1
mother,8,7,1,1
tuesday,8,7,1,1
angry,7,6,1,1
increase,7,6,1,1
august,7,6,1,1
wednesday,7,6,1,1
bill,7,6,1,1
wash,7,6,1,1
rubber,7,6,1,1
sunday,7,6,1,1
name,7,6,1,1
light,7,6,1,1
date,7,6,1,1
india,7,6,1,1
iron,7,6,1,1
bad,6,5,1,1
sick,6,5,1,1
month,6,5,1,1
thank you,6,5,1,1
reservation,6,5,1,1
saturday,6,5,1,1
week,6,5,1,1
cat,6,5,1,1
goat,6,5,1,1
brain,6,5,1,1
ant,6,5,1,1
duck,6,5,1,1
land,6,5,1,1
leaf,6,5,1,1
good,6,5,1,1
hot,6,5,1,1
grow,6,5,1,1
