sign_sequence,english_sentence
ME COLLEGE GO TOMORROW,I will go to college tomorrow.
ME COLLEGE GO TODAY,I am going to college today.
ME MARKET GO YESTERDAY,I went to the market yesterday.
YOU NAME WHAT,What is your name?
YOU WHERE LIVE,Where do you live?
THIS COST HOW MUCH,How much does this cost?
DOCTOR NEED ME,I need a doctor.
HELP ME PLEASE,Please help me.
ME HAPPY TODAY,I am happy today.
ME WANT WATER,I want water.
ME NOT UNDERSTAND,I do not understand.
ME NOT GO,I am not going.
YOU GO WHERE,Where are you going?
FOOD NEED ME,I need food.
ME SCHOOL GO TOMORROW,I will go to school tomorrow.