sample_id,feature_file,label_id,label
0,sample_0000.npy,0,angry
1,sample_0001.npy,1,ant
2,sample_0002.npy,2,august
3,sample_0003.npy,3,bad
4,sample_0004.npy,4,bill
5,sample_0005.npy,5,brain
6,sample_0006.npy,6,cat
7,sample_0007.npy,7,christmas
8,sample_0008.npy,8,date
9,sample_0009.npy,9,duck
10,sample_0010.npy,10,friday
11,sample_0011.npy,11,goat
12,sample_0012.npy,12,good
13,sample_0013.npy,13,grow
14,sample_0014.npy,14,hot
15,sample_0015.npy,15,increase
16,sample_0016.npy,16,india
17,sample_0017.npy,17,interest
18,sample_0018.npy,18,iron
19,sample_0019.npy,19,land
20,sample_0020.npy,20,leaf
21,sample_0021.npy,21,light
22,sample_0022.npy,22,monday
23,sample_0023.npy,23,month
24,sample_0024.npy,24,mother
25,sample_0025.npy,25,name
26,sample_0026.npy,26,pencil
27,sample_0027.npy,27,reservation
28,sample_0028.npy,28,rubber
29,sample_0029.npy,29,saturday
30,sample_0030.npy,30,sick
31,sample_0031.npy,31,sunday
32,sample_0032.npy,32,thank you
33,sample_0033.npy,33,thursday
34,sample_0034.npy,34,tuesday
35,sample_0035.npy,35,wash
36,sample_0036.npy,36,wednesday
37,sample_0037.npy,37,week
38,sample_0038.npy,38,yellow
39,sample_0039.npy,0,angry
40,sample_0040.npy,1,ant
41,sample_0041.npy,2,august
42,sample_0042.npy,3,bad
43,sample_0043.npy,4,bill
44,sample_0044.npy,5,brain
45,sample_0045.npy,6,cat
46,sample_0046.npy,7,christmas
47,sample_0047.npy,8,date
48,sample_0048.npy,9,duck
49,sample_0049.npy,10,friday
50,sample_0050.npy,11,goat
51,sample_0051.npy,12,good
52,sample_0052.npy,13,grow
53,sample_0053.npy,14,hot
54,sample_0054.npy,15,increase
55,sample_0055.npy,16,india
56,sample_0056.npy,17,interest
57,sample_0057.npy,18,iron
58,sample_0058.npy,19,land
59,sample_0059.npy,20,leaf
60,sample_0060.npy,21,light
61,sample_0061.npy,22,monday
62,sample_0062.npy,23,month
63,sample_0063.npy,24,mother
64,sample_0064.npy,25,name
65,sample_0065.npy,26,pencil
66,sample_0066.npy,27,reservation
67,sample_0067.npy,28,rubber
68,sample_0068.npy,29,saturday
69,sample_0069.npy,30,sick
70,sample_0070.npy,31,sunday
71,sample_0071.npy,32,thank you
72,sample_0072.npy,33,thursday
73,sample_0073.npy,34,tuesday
74,sample_0074.npy,35,wash
75,sample_0075.npy,36,wednesday
76,sample_0076.npy,37,week
77,sample_0077.npy,38,yellow
78,sample_0078.npy,0,angry
79,sample_0079.npy,1,ant
80,sample_0080.npy,2,august
81,sample_0081.npy,3,bad
82,sample_0082.npy,4,bill
83,sample_0083.npy,5,brain
84,sample_0084.npy,6,cat
85,sample_0085.npy,7,christmas
86,sample_0086.npy,8,date
87,sample_0087.npy,9,duck
88,sample_0088.npy,10,friday
89,sample_0089.npy,11,goat
90,sample_0090.npy,12,good
91,sample_0091.npy,13,grow
92,sample_0092.npy,14,hot
93,sample_0093.npy,15,increase
94,sample_0094.npy,16,india
95,sample_0095.npy,17,interest
96,sample_0096.npy,18,iron
97,sample_0097.npy,19,land
98,sample_0098.npy,20,leaf
99,sample_0099.npy,21,light
100,sample_0100.npy,22,monday
101,sample_0101.npy,23,month
102,sample_0102.npy,24,mother
103,sample_0103.npy,25,name
104,sample_0104.npy,26,pencil
105,sample_0105.npy,27,reservation
106,sample_0106.npy,28,rubber
107,sample_0107.npy,29,saturday
108,sample_0108.npy,30,sick
109,sample_0109.npy,31,sunday
110,sample_0110.npy,32,thank you
111,sample_0111.npy,33,thursday
112,sample_0112.npy,34,tuesday
113,sample_0113.npy,35,wash
114,sample_0114.npy,36,wednesday
115,sample_0115.npy,37,week
116,sample_0116.npy,38,yellow
117,sample_0117.npy,0,angry
118,sample_0118.npy,1,ant
119,sample_0119.npy,2,august
120,sample_0120.npy,3,bad
121,sample_0121.npy,4,bill
122,sample_0122.npy,5,brain
123,sample_0123.npy,6,cat
124,sample_0124.npy,7,christmas
125,sample_0125.npy,8,date
126,sample_0126.npy,9,duck
127,sample_0127.npy,10,friday
128,sample_0128.npy,11,goat
129,sample_0129.npy,12,good
130,sample_0130.npy,13,grow
131,sample_0131.npy,14,hot
132,sample_0132.npy,15,increase
133,sample_0133.npy,16,india
134,sample_0134.npy,17,interest
135,sample_0135.npy,18,iron
136,sample_0136.npy,19,land
137,sample_0137.npy,20,leaf
138,sample_0138.npy,21,light
139,sample_0139.npy,22,monday
140,sample_0140.npy,23,month
141,sample_0141.npy,24,mother
142,sample_0142.npy,25,name
143,sample_0143.npy,26,pencil
144,sample_0144.npy,27,reservation
145,sample_0145.npy,28,rubber
146,sample_0146.npy,29,saturday
147,sample_0147.npy,30,sick
148,sample_0148.npy,31,sunday
149,sample_0149.npy,32,thank you
150,sample_0150.npy,33,thursday
151,sample_0151.npy,34,tuesday
152,sample_0152.npy,35,wash
153,sample_0153.npy,36,wednesday
154,sample_0154.npy,37,week
155,sample_0155.npy,38,yellow
156,sample_0156.npy,0,angry
157,sample_0157.npy,1,ant
158,sample_0158.npy,2,august
159,sample_0159.npy,3,bad
160,sample_0160.npy,4,bill
161,sample_0161.npy,5,brain
162,sample_0162.npy,6,cat
163,sample_0163.npy,7,christmas
164,sample_0164.npy,8,date
165,sample_0165.npy,9,duck
166,sample_0166.npy,10,friday
167,sample_0167.npy,11,goat
168,sample_0168.npy,12,good
169,sample_0169.npy,13,grow
170,sample_0170.npy,14,hot
171,sample_0171.npy,15,increase
172,sample_0172.npy,16,india
173,sample_0173.npy,17,interest
174,sample_0174.npy,18,iron
175,sample_0175.npy,19,land
176,sample_0176.npy,20,leaf
177,sample_0177.npy,21,light
178,sample_0178.npy,22,monday
179,sample_0179.npy,23,month
180,sample_0180.npy,24,mother
181,sample_0181.npy,25,name
182,sample_0182.npy,26,pencil
183,sample_0183.npy,27,reservation
184,sample_0184.npy,28,rubber
185,sample_0185.npy,29,saturday
186,sample_0186.npy,30,sick
187,sample_0187.npy,31,sunday
188,sample_0188.npy,32,thank you
189,sample_0189.npy,33,thursday
190,sample_0190.npy,34,tuesday
191,sample_0191.npy,35,wash
192,sample_0192.npy,36,wednesday
193,sample_0193.npy,37,week
194,sample_0194.npy,38,yellow
195,sample_0195.npy,0,angry
196,sample_0196.npy,1,ant
197,sample_0197.npy,2,august
198,sample_0198.npy,3,bad
199,sample_0199.npy,4,bill
200,sample_0200.npy,5,brain
201,sample_0201.npy,6,cat
202,sample_0202.npy,7,christmas
203,sample_0203.npy,8,date
204,sample_0204.npy,9,duck
205,sample_0205.npy,10,friday
206,sample_0206.npy,11,goat
207,sample_0207.npy,12,good
208,sample_0208.npy,13,grow
209,sample_0209.npy,14,hot
210,sample_0210.npy,15,increase
211,sample_0211.npy,16,india
212,sample_0212.npy,17,interest
213,sample_0213.npy,18,iron
214,sample_0214.npy,19,land
215,sample_0215.npy,20,leaf
216,sample_0216.npy,21,light
217,sample_0217.npy,22,monday
218,sample_0218.npy,23,month
219,sample_0219.npy,24,mother
220,sample_0220.npy,25,name
221,sample_0221.npy,26,pencil
222,sample_0222.npy,27,reservation
223,sample_0223.npy,28,rubber
224,sample_0224.npy,29,saturday
225,sample_0225.npy,30,sick
226,sample_0226.npy,31,sunday
227,sample_0227.npy,32,thank you
228,sample_0228.npy,33,thursday
229,sample_0229.npy,34,tuesday
230,sample_0230.npy,35,wash
231,sample_0231.npy,36,wednesday
232,sample_0232.npy,37,week
233,sample_0233.npy,38,yellow
234,sample_0234.npy,0,angry
235,sample_0235.npy,1,ant
236,sample_0236.npy,2,august
237,sample_0237.npy,3,bad
238,sample_0238.npy,4,bill
239,sample_0239.npy,5,brain
240,sample_0240.npy,6,cat
241,sample_0241.npy,7,christmas
242,sample_0242.npy,8,date
243,sample_0243.npy,9,duck
244,sample_0244.npy,10,friday
245,sample_0245.npy,11,goat
246,sample_0246.npy,12,good
247,sample_0247.npy,13,grow
248,sample_0248.npy,14,hot
249,sample_0249.npy,15,increase
250,sample_0250.npy,16,india
251,sample_0251.npy,17,interest
252,sample_0252.npy,18,iron
253,sample_0253.npy,19,land
254,sample_0254.npy,20,leaf
255,sample_0255.npy,21,light
256,sample_0256.npy,22,monday
257,sample_0257.npy,23,month
258,sample_0258.npy,24,mother
259,sample_0259.npy,25,name
260,sample_0260.npy,26,pencil
261,sample_0261.npy,27,reservation
262,sample_0262.npy,28,rubber
263,sample_0263.npy,29,saturday
264,sample_0264.npy,30,sick
265,sample_0265.npy,31,sunday
266,sample_0266.npy,32,thank you
267,sample_0267.npy,33,thursday
268,sample_0268.npy,34,tuesday
269,sample_0269.npy,35,wash
270,sample_0270.npy,36,wednesday
271,sample_0271.npy,37,week
272,sample_0272.npy,38,yellow
273,sample_0273.npy,0,angry
274,sample_0274.npy,1,ant
275,sample_0275.npy,2,august
276,sample_0276.npy,3,bad
277,sample_0277.npy,4,bill
278,sample_0278.npy,5,brain
279,sample_0279.npy,6,cat
280,sample_0280.npy,7,christmas
281,sample_0281.npy,8,date
282,sample_0282.npy,9,duck
283,sample_0283.npy,10,friday
284,sample_0284.npy,11,goat
285,sample_0285.npy,12,good
286,sample_0286.npy,13,grow
287,sample_0287.npy,14,hot
288,sample_0288.npy,15,increase
289,sample_0289.npy,16,india
290,sample_0290.npy,17,interest
291,sample_0291.npy,18,iron
292,sample_0292.npy,19,land
293,sample_0293.npy,20,leaf
294,sample_0294.npy,21,light
295,sample_0295.npy,22,monday
296,sample_0296.npy,23,month
297,sample_0297.npy,24,mother
298,sample_0298.npy,25,name
299,sample_0299.npy,26,pencil
300,sample_0300.npy,27,reservation
301,sample_0301.npy,28,rubber
302,sample_0302.npy,29,saturday
303,sample_0303.npy,30,sick
304,sample_0304.npy,31,sunday
305,sample_0305.npy,32,thank you
306,sample_0306.npy,33,thursday
307,sample_0307.npy,34,tuesday
308,sample_0308.npy,35,wash
309,sample_0309.npy,36,wednesday
310,sample_0310.npy,37,week
311,sample_0311.npy,38,yellow
312,sample_0312.npy,0,angry
313,sample_0313.npy,1,ant
314,sample_0314.npy,2,august
315,sample_0315.npy,3,bad
316,sample_0316.npy,4,bill
317,sample_0317.npy,5,brain
318,sample_0318.npy,6,cat
319,sample_0319.npy,7,christmas
320,sample_0320.npy,8,date
321,sample_0321.npy,9,duck
322,sample_0322.npy,10,friday
323,sample_0323.npy,11,goat
324,sample_0324.npy,12,good
325,sample_0325.npy,13,grow
326,sample_0326.npy,14,hot
327,sample_0327.npy,15,increase
328,sample_0328.npy,16,india
329,sample_0329.npy,17,interest
330,sample_0330.npy,18,iron
331,sample_0331.npy,19,land
332,sample_0332.npy,20,leaf
333,sample_0333.npy,21,light
334,sample_0334.npy,22,monday
335,sample_0335.npy,23,month
336,sample_0336.npy,24,mother
337,sample_0337.npy,25,name
338,sample_0338.npy,26,pencil
339,sample_0339.npy,27,reservation
340,sample_0340.npy,28,rubber
341,sample_0341.npy,29,saturday
342,sample_0342.npy,30,sick
343,sample_0343.npy,31,sunday
344,sample_0344.npy,32,thank you
345,sample_0345.npy,33,thursday
346,sample_0346.npy,34,tuesday
347,sample_0347.npy,35,wash
348,sample_0348.npy,36,wednesday
349,sample_0349.npy,37,week
350,sample_0350.npy,38,yellow
351,sample_0351.npy,0,angry
352,sample_0352.npy,1,ant
353,sample_0353.npy,2,august
354,sample_0354.npy,3,bad
355,sample_0355.npy,4,bill
356,sample_0356.npy,5,brain
357,sample_0357.npy,6,cat
358,sample_0358.npy,7,christmas
359,sample_0359.npy,8,date
360,sample_0360.npy,9,duck
361,sample_0361.npy,10,friday
362,sample_0362.npy,11,goat
363,sample_0363.npy,12,good
364,sample_0364.npy,13,grow
365,sample_0365.npy,14,hot
366,sample_0366.npy,15,increase
367,sample_0367.npy,16,india
368,sample_0368.npy,17,interest
369,sample_0369.npy,18,iron
370,sample_0370.npy,19,land
371,sample_0371.npy,20,leaf
372,sample_0372.npy,21,light
373,sample_0373.npy,22,monday
374,sample_0374.npy,23,month
375,sample_0375.npy,24,mother
376,sample_0376.npy,25,name
377,sample_0377.npy,26,pencil
378,sample_0378.npy,27,reservation
379,sample_0379.npy,28,rubber
380,sample_0380.npy,29,saturday
381,sample_0381.npy,30,sick
382,sample_0382.npy,31,sunday
383,sample_0383.npy,32,thank you
384,sample_0384.npy,33,thursday
385,sample_0385.npy,34,tuesday
386,sample_0386.npy,35,wash
387,sample_0387.npy,36,wednesday
388,sample_0388.npy,37,week
389,sample_0389.npy,38,yellow
390,sample_0390.npy,0,angry
391,sample_0391.npy,1,ant
392,sample_0392.npy,2,august
393,sample_0393.npy,3,bad
394,sample_0394.npy,4,bill
395,sample_0395.npy,5,brain
396,sample_0396.npy,6,cat
397,sample_0397.npy,7,christmas
398,sample_0398.npy,8,date
399,sample_0399.npy,9,duck
400,sample_0400.npy,10,friday
401,sample_0401.npy,11,goat
402,sample_0402.npy,12,good
403,sample_0403.npy,13,grow
404,sample_0404.npy,14,hot
405,sample_0405.npy,15,increase
406,sample_0406.npy,16,india
407,sample_0407.npy,17,interest
408,sample_0408.npy,18,iron
409,sample_0409.npy,19,land
410,sample_0410.npy,20,leaf
411,sample_0411.npy,21,light
412,sample_0412.npy,22,monday
413,sample_0413.npy,23,month
414,sample_0414.npy,24,mother
415,sample_0415.npy,25,name
416,sample_0416.npy,26,pencil
417,sample_0417.npy,27,reservation
418,sample_0418.npy,28,rubber
419,sample_0419.npy,29,saturday
420,sample_0420.npy,30,sick
421,sample_0421.npy,31,sunday
422,sample_0422.npy,32,thank you
423,sample_0423.npy,33,thursday
424,sample_0424.npy,34,tuesday
425,sample_0425.npy,35,wash
426,sample_0426.npy,36,wednesday
427,sample_0427.npy,37,week
428,sample_0428.npy,38,yellow
429,sample_0429.npy,0,angry
430,sample_0430.npy,1,ant
431,sample_0431.npy,2,august
432,sample_0432.npy,3,bad
433,sample_0433.npy,4,bill
434,sample_0434.npy,5,brain
435,sample_0435.npy,6,cat
436,sample_0436.npy,7,christmas
437,sample_0437.npy,8,date
438,sample_0438.npy,9,duck
439,sample_0439.npy,10,friday
440,sample_0440.npy,11,goat
441,sample_0441.npy,12,good
442,sample_0442.npy,13,grow
443,sample_0443.npy,14,hot
444,sample_0444.npy,15,increase
445,sample_0445.npy,16,india
446,sample_0446.npy,17,interest
447,sample_0447.npy,18,iron
448,sample_0448.npy,19,land
449,sample_0449.npy,20,leaf
450,sample_0450.npy,21,light
451,sample_0451.npy,22,monday
452,sample_0452.npy,23,month
453,sample_0453.npy,24,mother
454,sample_0454.npy,25,name
455,sample_0455.npy,26,pencil
456,sample_0456.npy,27,reservation
457,sample_0457.npy,28,rubber
458,sample_0458.npy,29,saturday
459,sample_0459.npy,30,sick
460,sample_0460.npy,31,sunday
461,sample_0461.npy,32,thank you
462,sample_0462.npy,33,thursday
463,sample_0463.npy,34,tuesday
464,sample_0464.npy,35,wash
465,sample_0465.npy,36,wednesday
466,sample_0466.npy,37,week
467,sample_0467.npy,38,yellow
468,sample_0468.npy,0,angry
469,sample_0469.npy,1,ant
470,sample_0470.npy,2,august
471,sample_0471.npy,3,bad
472,sample_0472.npy,4,bill
473,sample_0473.npy,5,brain
474,sample_0474.npy,6,cat
475,sample_0475.npy,7,christmas
476,sample_0476.npy,8,date
477,sample_0477.npy,9,duck
478,sample_0478.npy,10,friday
479,sample_0479.npy,11,goat
480,sample_0480.npy,12,good
481,sample_0481.npy,13,grow
482,sample_0482.npy,14,hot
483,sample_0483.npy,15,increase
484,sample_0484.npy,16,india
485,sample_0485.npy,17,interest
486,sample_0486.npy,18,iron
487,sample_0487.npy,19,land
488,sample_0488.npy,20,leaf
489,sample_0489.npy,21,light
490,sample_0490.npy,22,monday
491,sample_0491.npy,23,month
492,sample_0492.npy,24,mother
493,sample_0493.npy,25,name
494,sample_0494.npy,26,pencil
495,sample_0495.npy,27,reservation
496,sample_0496.npy,28,rubber
497,sample_0497.npy,29,saturday
498,sample_0498.npy,30,sick
499,sample_0499.npy,31,sunday
500,sample_0500.npy,32,thank you
501,sample_0501.npy,33,thursday
502,sample_0502.npy,34,tuesday
503,sample_0503.npy,35,wash
504,sample_0504.npy,36,wednesday
505,sample_0505.npy,37,week
506,sample_0506.npy,38,yellow
507,sample_0507.npy,0,angry
508,sample_0508.npy,1,ant
509,sample_0509.npy,2,august
510,sample_0510.npy,3,bad
511,sample_0511.npy,4,bill
512,sample_0512.npy,5,brain
513,sample_0513.npy,6,cat
514,sample_0514.npy,7,christmas
515,sample_0515.npy,8,date
516,sample_0516.npy,9,duck
517,sample_0517.npy,10,friday
518,sample_0518.npy,11,goat
519,sample_0519.npy,12,good
520,sample_0520.npy,13,grow
521,sample_0521.npy,14,hot
522,sample_0522.npy,15,increase
523,sample_0523.npy,16,india
524,sample_0524.npy,17,interest
525,sample_0525.npy,18,iron
526,sample_0526.npy,19,land
527,sample_0527.npy,20,leaf
528,sample_0528.npy,21,light
529,sample_0529.npy,22,monday
530,sample_0530.npy,23,month
531,sample_0531.npy,24,mother
532,sample_0532.npy,25,name
533,sample_0533.npy,26,pencil
534,sample_0534.npy,27,reservation
535,sample_0535.npy,28,rubber
536,sample_0536.npy,29,saturday
537,sample_0537.npy,30,sick
538,sample_0538.npy,31,sunday
539,sample_0539.npy,32,thank you
540,sample_0540.npy,33,thursday
541,sample_0541.npy,34,tuesday
542,sample_0542.npy,35,wash
543,sample_0543.npy,36,wednesday
544,sample_0544.npy,37,week
545,sample_0545.npy,38,yellow
546,sample_0546.npy,0,angry
547,sample_0547.npy,1,ant
548,sample_0548.npy,2,august
549,sample_0549.npy,3,bad
550,sample_0550.npy,4,bill
551,sample_0551.npy,5,brain
552,sample_0552.npy,6,cat
553,sample_0553.npy,7,christmas
554,sample_0554.npy,8,date
555,sample_0555.npy,9,duck
556,sample_0556.npy,10,friday
557,sample_0557.npy,11,goat
558,sample_0558.npy,12,good
559,sample_0559.npy,13,grow
560,sample_0560.npy,14,hot
561,sample_0561.npy,15,increase
562,sample_0562.npy,16,india
563,sample_0563.npy,17,interest
564,sample_0564.npy,18,iron
565,sample_0565.npy,19,land
566,sample_0566.npy,20,leaf
567,sample_0567.npy,21,light
568,sample_0568.npy,22,monday
569,sample_0569.npy,23,month
570,sample_0570.npy,24,mother
571,sample_0571.npy,25,name
572,sample_0572.npy,26,pencil
573,sample_0573.npy,27,reservation
574,sample_0574.npy,28,rubber
575,sample_0575.npy,29,saturday
576,sample_0576.npy,30,sick
577,sample_0577.npy,31,sunday
578,sample_0578.npy,32,thank you
579,sample_0579.npy,33,thursday
580,sample_0580.npy,34,tuesday
581,sample_0581.npy,35,wash
582,sample_0582.npy,36,wednesday
583,sample_0583.npy,37,week
584,sample_0584.npy,38,yellow
585,sample_0585.npy,0,angry
586,sample_0586.npy,1,ant
587,sample_0587.npy,2,august
588,sample_0588.npy,3,bad
589,sample_0589.npy,4,bill
590,sample_0590.npy,5,brain
591,sample_0591.npy,6,cat
592,sample_0592.npy,7,christmas
593,sample_0593.npy,8,date
594,sample_0594.npy,9,duck
595,sample_0595.npy,10,friday
596,sample_0596.npy,11,goat
597,sample_0597.npy,12,good
598,sample_0598.npy,13,grow
599,sample_0599.npy,14,hot
600,sample_0600.npy,15,increase
601,sample_0601.npy,16,india
602,sample_0602.npy,17,interest
603,sample_0603.npy,18,iron
604,sample_0604.npy,19,land
605,sample_0605.npy,20,leaf
606,sample_0606.npy,21,light
607,sample_0607.npy,22,monday
608,sample_0608.npy,23,month
609,sample_0609.npy,24,mother
610,sample_0610.npy,25,name
611,sample_0611.npy,26,pencil
612,sample_0612.npy,27,reservation
613,sample_0613.npy,28,rubber
614,sample_0614.npy,29,saturday
615,sample_0615.npy,30,sick
616,sample_0616.npy,31,sunday
617,sample_0617.npy,32,thank you
618,sample_0618.npy,33,thursday
619,sample_0619.npy,34,tuesday
620,sample_0620.npy,35,wash
621,sample_0621.npy,36,wednesday
622,sample_0622.npy,37,week
623,sample_0623.npy,38,yellow
624,sample_0624.npy,0,angry
625,sample_0625.npy,1,ant
626,sample_0626.npy,2,august
627,sample_0627.npy,3,bad
628,sample_0628.npy,4,bill
629,sample_0629.npy,5,brain
630,sample_0630.npy,6,cat
631,sample_0631.npy,7,christmas
632,sample_0632.npy,8,date
633,sample_0633.npy,9,duck
634,sample_0634.npy,10,friday
635,sample_0635.npy,11,goat
636,sample_0636.npy,12,good
637,sample_0637.npy,13,grow
638,sample_0638.npy,14,hot
639,sample_0639.npy,15,increase
640,sample_0640.npy,16,india
641,sample_0641.npy,17,interest
642,sample_0642.npy,18,iron
643,sample_0643.npy,19,land
644,sample_0644.npy,20,leaf
645,sample_0645.npy,21,light
646,sample_0646.npy,22,monday
647,sample_0647.npy,23,month
648,sample_0648.npy,24,mother
649,sample_0649.npy,25,name
650,sample_0650.npy,26,pencil
651,sample_0651.npy,27,reservation
652,sample_0652.npy,28,rubber
653,sample_0653.npy,29,saturday
654,sample_0654.npy,30,sick
655,sample_0655.npy,31,sunday
656,sample_0656.npy,32,thank you
657,sample_0657.npy,33,thursday
658,sample_0658.npy,34,tuesday
659,sample_0659.npy,35,wash
660,sample_0660.npy,36,wednesday
661,sample_0661.npy,37,week
662,sample_0662.npy,38,yellow
663,sample_0663.npy,0,angry
664,sample_0664.npy,1,ant
665,sample_0665.npy,2,august
666,sample_0666.npy,3,bad
667,sample_0667.npy,4,bill
668,sample_0668.npy,5,brain
669,sample_0669.npy,6,cat
670,sample_0670.npy,7,christmas
671,sample_0671.npy,8,date
672,sample_0672.npy,9,duck
673,sample_0673.npy,10,friday
674,sample_0674.npy,11,goat
675,sample_0675.npy,12,good
676,sample_0676.npy,13,grow
677,sample_0677.npy,14,hot
678,sample_0678.npy,15,increase
679,sample_0679.npy,16,india
680,sample_0680.npy,17,interest
681,sample_0681.npy,18,iron
682,sample_0682.npy,19,land
683,sample_0683.npy,20,leaf
684,sample_0684.npy,21,light
685,sample_0685.npy,22,monday
686,sample_0686.npy,23,month
687,sample_0687.npy,24,mother
688,sample_0688.npy,25,name
689,sample_0689.npy,26,pencil
690,sample_0690.npy,27,reservation
691,sample_0691.npy,28,rubber
692,sample_0692.npy,29,saturday
693,sample_0693.npy,30,sick
694,sample_0694.npy,31,sunday
695,sample_0695.npy,32,thank you
696,sample_0696.npy,33,thursday
697,sample_0697.npy,34,tuesday
698,sample_0698.npy,35,wash
699,sample_0699.npy,36,wednesday
700,sample_0700.npy,37,week
701,sample_0701.npy,38,yellow
702,sample_0702.npy,0,angry
703,sample_0703.npy,1,ant
704,sample_0704.npy,2,august
705,sample_0705.npy,3,bad
706,sample_0706.npy,4,bill
707,sample_0707.npy,5,brain
708,sample_0708.npy,6,cat
709,sample_0709.npy,7,christmas
710,sample_0710.npy,8,date
711,sample_0711.npy,9,duck
712,sample_0712.npy,10,friday
713,sample_0713.npy,11,goat
714,sample_0714.npy,12,good
715,sample_0715.npy,13,grow
716,sample_0716.npy,14,hot
717,sample_0717.npy,15,increase
718,sample_0718.npy,16,india
719,sample_0719.npy,17,interest
720,sample_0720.npy,18,iron
721,sample_0721.npy,19,land
722,sample_0722.npy,20,leaf
723,sample_0723.npy,21,light
724,sample_0724.npy,22,monday
725,sample_0725.npy,23,month
726,sample_0726.npy,24,mother
727,sample_0727.npy,25,name
728,sample_0728.npy,26,pencil
729,sample_0729.npy,27,reservation
730,sample_0730.npy,28,rubber
731,sample_0731.npy,29,saturday
732,sample_0732.npy,30,sick
733,sample_0733.npy,31,sunday
734,sample_0734.npy,32,thank you
735,sample_0735.npy,33,thursday
736,sample_0736.npy,34,tuesday
737,sample_0737.npy,35,wash
738,sample_0738.npy,36,wednesday
739,sample_0739.npy,37,week
740,sample_0740.npy,38,yellow
741,sample_0741.npy,0,angry
742,sample_0742.npy,1,ant
743,sample_0743.npy,2,august
744,sample_0744.npy,3,bad
745,sample_0745.npy,4,bill
746,sample_0746.npy,5,brain
747,sample_0747.npy,6,cat
748,sample_0748.npy,7,christmas
749,sample_0749.npy,8,date
750,sample_0750.npy,9,duck
751,sample_0751.npy,10,friday
752,sample_0752.npy,11,goat
753,sample_0753.npy,12,good
754,sample_0754.npy,13,grow
755,sample_0755.npy,14,hot
756,sample_0756.npy,15,increase
757,sample_0757.npy,16,india
758,sample_0758.npy,17,interest
759,sample_0759.npy,18,iron
760,sample_0760.npy,19,land
761,sample_0761.npy,20,leaf
762,sample_0762.npy,21,light
763,sample_0763.npy,22,monday
764,sample_0764.npy,23,month
765,sample_0765.npy,24,mother
766,sample_0766.npy,25,name
767,sample_0767.npy,26,pencil
768,sample_0768.npy,27,reservation
769,sample_0769.npy,28,rubber
770,sample_0770.npy,29,saturday
771,sample_0771.npy,30,sick
772,sample_0772.npy,31,sunday
773,sample_0773.npy,32,thank you
774,sample_0774.npy,33,thursday
775,sample_0775.npy,34,tuesday
776,sample_0776.npy,35,wash
777,sample_0777.npy,36,wednesday
778,sample_0778.npy,37,week
779,sample_0779.npy,38,yellow
780,sample_0780.npy,0,angry
781,sample_0781.npy,1,ant
782,sample_0782.npy,2,august
783,sample_0783.npy,3,bad
784,sample_0784.npy,4,bill
785,sample_0785.npy,5,brain
786,sample_0786.npy,6,cat
787,sample_0787.npy,7,christmas
788,sample_0788.npy,8,date
789,sample_0789.npy,9,duck
790,sample_0790.npy,10,friday
791,sample_0791.npy,11,goat
792,sample_0792.npy,12,good
793,sample_0793.npy,13,grow
794,sample_0794.npy,14,hot
795,sample_0795.npy,15,increase
796,sample_0796.npy,16,india
797,sample_0797.npy,17,interest
798,sample_0798.npy,18,iron
799,sample_0799.npy,19,land
800,sample_0800.npy,20,leaf
801,sample_0801.npy,21,light
802,sample_0802.npy,22,monday
803,sample_0803.npy,23,month
804,sample_0804.npy,24,mother
805,sample_0805.npy,25,name
806,sample_0806.npy,26,pencil
807,sample_0807.npy,27,reservation
808,sample_0808.npy,28,rubber
809,sample_0809.npy,29,saturday
810,sample_0810.npy,30,sick
811,sample_0811.npy,31,sunday
812,sample_0812.npy,32,thank you
813,sample_0813.npy,33,thursday
814,sample_0814.npy,34,tuesday
815,sample_0815.npy,35,wash
816,sample_0816.npy,36,wednesday
817,sample_0817.npy,37,week
818,sample_0818.npy,38,yellow
819,sample_0819.npy,0,angry
820,sample_0820.npy,1,ant
821,sample_0821.npy,2,august
822,sample_0822.npy,3,bad
823,sample_0823.npy,4,bill
824,sample_0824.npy,5,brain
825,sample_0825.npy,6,cat
826,sample_0826.npy,7,christmas
827,sample_0827.npy,8,date
828,sample_0828.npy,9,duck
829,sample_0829.npy,10,friday
830,sample_0830.npy,11,goat
831,sample_0831.npy,12,good
832,sample_0832.npy,13,grow
833,sample_0833.npy,14,hot
834,sample_0834.npy,15,increase
835,sample_0835.npy,16,india
836,sample_0836.npy,17,interest
837,sample_0837.npy,18,iron
838,sample_0838.npy,19,land
839,sample_0839.npy,20,leaf
840,sample_0840.npy,21,light
841,sample_0841.npy,22,monday
842,sample_0842.npy,23,month
843,sample_0843.npy,24,mother
844,sample_0844.npy,25,name
845,sample_0845.npy,26,pencil
846,sample_0846.npy,27,reservation
847,sample_0847.npy,28,rubber
848,sample_0848.npy,29,saturday
849,sample_0849.npy,30,sick
850,sample_0850.npy,31,sunday
851,sample_0851.npy,32,thank you
852,sample_0852.npy,33,thursday
853,sample_0853.npy,34,tuesday
854,sample_0854.npy,35,wash
855,sample_0855.npy,36,wednesday
856,sample_0856.npy,37,week
857,sample_0857.npy,38,yellow
858,sample_0858.npy,0,angry
859,sample_0859.npy,1,ant
860,sample_0860.npy,2,august
861,sample_0861.npy,3,bad
862,sample_0862.npy,4,bill
863,sample_0863.npy,5,brain
864,sample_0864.npy,6,cat
865,sample_0865.npy,7,christmas
866,sample_0866.npy,8,date
867,sample_0867.npy,9,duck
868,sample_0868.npy,10,friday
869,sample_0869.npy,11,goat
870,sample_0870.npy,12,good
871,sample_0871.npy,13,grow
872,sample_0872.npy,14,hot
873,sample_0873.npy,15,increase
874,sample_0874.npy,16,india
875,sample_0875.npy,17,interest
876,sample_0876.npy,18,iron
877,sample_0877.npy,19,land
878,sample_0878.npy,20,leaf
879,sample_0879.npy,21,light
880,sample_0880.npy,22,monday
881,sample_0881.npy,23,month
882,sample_0882.npy,24,mother
883,sample_0883.npy,25,name
884,sample_0884.npy,26,pencil
885,sample_0885.npy,27,reservation
886,sample_0886.npy,28,rubber
887,sample_0887.npy,29,saturday
888,sample_0888.npy,30,sick
889,sample_0889.npy,31,sunday
890,sample_0890.npy,32,thank you
891,sample_0891.npy,33,thursday
892,sample_0892.npy,34,tuesday
893,sample_0893.npy,35,wash
894,sample_0894.npy,36,wednesday
895,sample_0895.npy,37,week
896,sample_0896.npy,38,yellow
897,sample_0897.npy,0,angry
898,sample_0898.npy,1,ant
899,sample_0899.npy,2,august
900,sample_0900.npy,3,bad
901,sample_0901.npy,4,bill
902,sample_0902.npy,5,brain
903,sample_0903.npy,6,cat
904,sample_0904.npy,7,christmas
905,sample_0905.npy,8,date
906,sample_0906.npy,9,duck
907,sample_0907.npy,10,friday
908,sample_0908.npy,11,goat
909,sample_0909.npy,12,good
910,sample_0910.npy,13,grow
911,sample_0911.npy,14,hot
912,sample_0912.npy,15,increase
913,sample_0913.npy,16,india
914,sample_0914.npy,17,interest
915,sample_0915.npy,18,iron
916,sample_0916.npy,19,land
917,sample_0917.npy,20,leaf
918,sample_0918.npy,21,light
919,sample_0919.npy,22,monday
920,sample_0920.npy,23,month
921,sample_0921.npy,24,mother
922,sample_0922.npy,25,name
923,sample_0923.npy,26,pencil
924,sample_0924.npy,27,reservation
925,sample_0925.npy,28,rubber
926,sample_0926.npy,29,saturday
927,sample_0927.npy,30,sick
928,sample_0928.npy,31,sunday
929,sample_0929.npy,32,thank you
930,sample_0930.npy,33,thursday
931,sample_0931.npy,34,tuesday
932,sample_0932.npy,35,wash
933,sample_0933.npy,36,wednesday
934,sample_0934.npy,37,week
935,sample_0935.npy,38,yellow
936,sample_0936.npy,0,angry
937,sample_0937.npy,1,ant
938,sample_0938.npy,2,august
939,sample_0939.npy,3,bad
940,sample_0940.npy,4,bill
941,sample_0941.npy,5,brain
942,sample_0942.npy,6,cat
943,sample_0943.npy,7,christmas
944,sample_0944.npy,8,date
945,sample_0945.npy,9,duck
946,sample_0946.npy,10,friday
947,sample_0947.npy,11,goat
948,sample_0948.npy,12,good
949,sample_0949.npy,13,grow
950,sample_0950.npy,14,hot
951,sample_0951.npy,15,increase
952,sample_0952.npy,16,india
953,sample_0953.npy,17,interest
954,sample_0954.npy,18,iron
955,sample_0955.npy,19,land
956,sample_0956.npy,20,leaf
957,sample_0957.npy,21,light
958,sample_0958.npy,22,monday
959,sample_0959.npy,23,month
960,sample_0960.npy,24,mother
961,sample_0961.npy,25,name
962,sample_0962.npy,26,pencil
963,sample_0963.npy,27,reservation
964,sample_0964.npy,28,rubber
965,sample_0965.npy,29,saturday
966,sample_0966.npy,30,sick
967,sample_0967.npy,31,sunday
968,sample_0968.npy,32,thank you
969,sample_0969.npy,33,thursday
970,sample_0970.npy,34,tuesday
971,sample_0971.npy,35,wash
972,sample_0972.npy,36,wednesday
973,sample_0973.npy,37,week
974,sample_0974.npy,38,yellow
975,sample_0975.npy,0,angry
976,sample_0976.npy,1,ant
977,sample_0977.npy,2,august
978,sample_0978.npy,3,bad
979,sample_0979.npy,4,bill
980,sample_0980.npy,5,brain
981,sample_0981.npy,6,cat
982,sample_0982.npy,7,christmas
983,sample_0983.npy,8,date
984,sample_0984.npy,9,duck
985,sample_0985.npy,10,friday
986,sample_0986.npy,11,goat
987,sample_0987.npy,12,good
988,sample_0988.npy,13,grow
989,sample_0989.npy,14,hot
990,sample_0990.npy,15,increase
991,sample_0991.npy,16,india
992,sample_0992.npy,17,interest
993,sample_0993.npy,18,iron
994,sample_0994.npy,19,land
995,sample_0995.npy,20,leaf
996,sample_0996.npy,21,light
997,sample_0997.npy,22,monday
998,sample_0998.npy,23,month
999,sample_0999.npy,24,mother
